Product Name,Brand,Price,Promo Code,Discount,Affiliate Link,Description
Goldie Starter Home,Sourhouse,$89,BAKE20,20% off,https://thesourhouse.com?sca_ref=7442916.jWQPIvtRVd,Temperature-controlled starter warmer that maintains the perfect environment for your sourdough starter
Sourdough Starter,Vitale,$40,BAKE20,20% off,https://vitalebreadco.com?ref=bfriedman,Premium dried sourdough starter culture that comes with detailed instructions for activation
Goose Lame,Wire Monkey,$29,BAKE15,15% off,https://www.wiremonkey.com?ref=bfbread,Professional-grade bread scoring lame with ergonomic handle and replaceable blades
17-inch Wooden Bowl,Holland Bowl Mill,$200-325,None,,https://www.hollandbowlmill.com,Handcrafted wooden mixing bowls made in Michigan - perfect for mixing and proofing dough
Folding Proofer & Slow Cooker,Brod & Taylor,$189,None,,https://brodandtaylor.com/?ref=bfbread,Professional-grade folding proofer that maintains precise temperature for proofing and slow cooking
Challenger Bread Pan,Challenger Breadware,$295,None,,https://challengerbreadware.com/?ref=bfbread,Cast iron bread pan designed specifically for baking artisan loaves with superior steam retention
Bread Bag,ModKitchen,$28,BAKE30,30% off,https://modkitchen.co/?ref=bfbread,Reusable linen bread bag that keeps bread fresh longer while being eco-friendly
Dough Whisk,Various,$12-18,None,,https://amzn.to/doughwhisk,Danish-style dough whisk perfect for mixing wet doughs without sticking
Wood Pulp Banneton,Various,$25-35,None,,https://amzn.to/woodpulpbanneton,Traditional proofing basket made from natural wood pulp for beautiful spiral patterns
DoughBed,Sourhouse,$45,BAKE20,20% off,https://thesourhouse.com?sca_ref=7442916.jWQPIvtRVd,Insulated proofing mat that maintains consistent dough temperature during bulk fermentation
Sourdough Mastery (Book),Vitale,$35,BAKE20,20% off,https://vitalebreadco.com?ref=bfriedman,Comprehensive guide to mastering sourdough baking with detailed recipes and techniques
The Sourdough for the Rest of Us (Book),Various,$25,None,,https://amzn.to/sourdoughrestofus,Approachable guide to sourdough baking for beginners and busy home bakers
From Oven to Market (Book),Various,$30,None,,https://amzn.to/oventomarket,Business guide for home bakers looking to sell their bread at farmers markets
Arc Lame,Wire Monkey,$35,BAKE15,15% off,https://www.wiremonkey.com?ref=bfbread,Curved scoring lame for creating decorative patterns on bread
UFO Lame,Wire Monkey,$42,BAKE15,15% off,https://www.wiremonkey.com?ref=bfbread,Unique flying saucer-shaped lame for precise bread scoring
Poco Lame,Wire Monkey,$22,BAKE15,15% off,https://www.wiremonkey.com?ref=bfbread,Compact pocket-sized lame perfect for travel or small hands
Banneton Cover,Wire Monkey,$18,BAKE15,15% off,https://www.wiremonkey.com?ref=bfbread,Fitted cover for proofing baskets to prevent drying
Bread Sling,ModKitchen,$22,BAKE30,30% off,https://modkitchen.co/?ref=bfbread,Silicone sling for easy transfer of dough into Dutch ovens
Oval Bread Sling,ModKitchen,$24,BAKE30,30% off,https://modkitchen.co/?ref=bfbread,Oval-shaped silicone sling for batard-style loaves
Baker's Math Kitchen Scale,Brod & Taylor,$80,None,,https://brodandtaylor.com/?ref=bfbread,Precision digital scale with baker's percentage calculations
Sourdough Home + Starter Jar Bundle,Brod & Taylor,$109,None,,https://brodandtaylor.com/?ref=bfbread,Complete starter maintenance kit with temperature control and premium jar
Dough Whisk + Bench Knife Bundle,Brod & Taylor,$28,None,,https://brodandtaylor.com/?ref=bfbread,Essential baking tool duo for mixing and shaping dough
Baking Shell + Steel Bundle,Brod & Taylor,$175,None,,https://brodandtaylor.com/?ref=bfbread,Professional baking surface combo for superior heat distribution
Chef Apron,Brod & Taylor,$65,None,,https://brodandtaylor.com/?ref=bfbread,Premium cotton apron designed for serious home bakers
Spice Grinder,Brod & Taylor,$50,None,,https://brodandtaylor.com/?ref=bfbread,Electric grinder perfect for fresh-ground spices in bread
VG2 Knife Sharpener,Brod & Taylor,$90,None,,https://brodandtaylor.com/?ref=bfbread,Professional-grade knife sharpener for bread knives
Bread Blanket,Sourhouse,$35,BAKE20,20% off,https://thesourhouse.com?sca_ref=7442916.jWQPIvtRVd,Insulated wrap for maintaining dough temperature during proofing
Round Banneton,Various,$20-30,None,,https://amzn.to/roundbanneton,Traditional round proofing basket for boule-style loaves
Oval Banneton,Various,$22-32,None,,https://amzn.to/ovalbanneton,Traditional oval proofing basket for batard-style loaves
Challenger Parchment,Challenger Breadware,$15,None,,https://challengerbreadware.com/?ref=bfbread,Pre-cut parchment rounds designed for Challenger pan
Proofing Container 6qt,Various,$18,None,,https://amzn.to/proofingcontainer,Clear container with measurements for bulk fermentation
Starter Jar,Various,$15-25,None,,https://amzn.to/starterjar,Wide-mouth jar with measurements for sourdough starter
French Rolling Pin,Various,$20-35,None,,https://amzn.to/frenchrollingpin,Tapered wooden rolling pin for shaping dough
Bench Scraper,Various,$8-15,None,,https://amzn.to/benchscraper,Stainless steel scraper for dividing and handling dough
Toast Tongs,Various,$12,None,,https://amzn.to/toasttongs,Wooden tongs for safely removing bread from toaster
Sahara Dehydrator,Brod & Taylor,$350,None,,https://brodandtaylor.com/?ref=bfbread,Professional dehydrator also great for proofing and fermenting
SAF Instant Yeast,Various,$8,None,,https://amzn.to/safyeast,Professional-grade instant yeast for consistent results
Nonstick Silicone Mat,Various,$15,None,,https://amzn.to/siliconebakingmat,Food-safe silicone mat for kneading and shaping
Flower Duster,Various,$18,None,,https://amzn.to/flowerduster,Spherical flour duster for even coating of bannetons
Vegan Bread Wrap,Various,$20,None,,https://amzn.to/veganwrap,Plant-based reusable wrap for storing bread
