"Product Name","Description","Price","Image URL"
"Vitale Sourdough Starter","Dehydrated starter that wakes up in 3-5 days with just flour and water. Comes with clear instructions that actually make sense. No babysitting, no stress.","$12","https://bakinggreatbread.blog/holiday/vitale-sourdough-starter-new.jpg"
"Wire Monkey Bread Lame","Sharp, curved blade glides through dough like butter. Leaves clean cuts that open into tall, dramatic ears. Feels balanced in your hand, like it was made for you.","$26","https://bakinggreatbread.blog/holiday/wire-monkey-lame-sharp.jpg"
"Sourhouse Goldie Starter Warmer","Keeps your starter at perfect temp, 24/7. Just plug it in, set it, and stop worrying about cold kitchens or inconsistent fermentation. Soft silicone wraps around your jar.","$89","https://bakinggreatbread.blog/holiday/sourhouse-goldie-starter-warmer.webp"
"Holland Bowl Mill 17"" Beechwood Bowl","Hand-turned wooden bread mixing bowl from Michigan. Large enough for big batches. The natural wood stays room temp even in cold kitchens.","$135","https://bakinggreatbread.blog/holiday/holland-bowl-mill.jpg"
"Brød & Taylor Folding Proofer","Precision temperature-controlled bread proofer. Folds flat for storage. Set it and forget it, your dough will rise on schedule every single time.","$189","https://bakinggreatbread.blog/holiday/brod-taylor-proofer-sharp.jpg"
"Wire Monkey Goose Lame","Premium bread scoring tool with curved blade for artisan sourdough. Classic design with exceptional balance.","$49.95","https://bakinggreatbread.blog/holiday/goose-lame-new-sharp.jpg"
"Sourhouse DoughBed","Multi-mode dough fermentation and warming station. Perfect temperature control for proofing and resting your dough.","$279.95","https://bakinggreatbread.blog/holiday/sourhouse-doughbed.jpg"
"Brød & Taylor Dough Whisk","Moves through dough without sticking. One-piece construction, no gaps for flour to hide. Way better than a wooden spoon.","$20.95","https://bakinggreatbread.blog/holiday/dough-whisk.jpg"
"Challenger Bread Pan","Cast iron bread pan that creates professional steam for bakery-quality crust. The gold standard for home bakers.","$270","https://bakinggreatbread.blog/holiday/challenger-bread-pan.jpg"
"Sourhouse Bread Blanket","Muslin cloth cover that keeps bread fresh while allowing airflow. Essential for storing fresh loaves.","$19.95","https://bakinggreatbread.blog/holiday/bread-blanket.webp"
"Brød & Taylor Dough Scraper","Stainless steel bench scraper for cutting and moving dough. Essential tool for any serious baker.","$14.95","https://bakinggreatbread.blog/holiday/bench-scraper.png"
"Wood Pulp Banneton (Round)","Round proofing basket made from sustainable wood pulp. Creates beautiful ring patterns on your loaves.","$29","https://bakinggreatbread.blog/holiday/wood-pulp-banneton.webp"
"Wood Pulp Banneton (Oval)","Oval proofing basket for batard-style loaves. Sustainable wood pulp construction.","$32","https://bakinggreatbread.blog/holiday/oval-banneton.png"
"Wire Monkey Round Banneton","Classic round wood pulp proofing basket for boules with beautiful circle patterns.","$32","https://bakinggreatbread.blog/holiday/round-banneton.png"
"Sourhouse Starter Jars (Pint or Quart)","Glass jars with measurement markings and airtight lids. Available in pint or quart sizes. Perfect for maintaining your sourdough starter.","$20.76","https://bakinggreatbread.blog/holiday/starter-jars.webp"
"Brød & Taylor Spice & Coffee Grinder","Compact electric grinder perfect for freshly ground spices, coffee, and grains for your baking.","$24.95","https://bakinggreatbread.blog/holiday/bt-spice-grinder.png"
"UFO Zero Lame","The original circular lame by Wire Monkey. Fine control, ambidextrous design, retractable blade. Walnut construction.","$29.95","https://bakinggreatbread.blog/holiday/wiremonkey-ufo-zero.webp"
"Poco Lame","Smallest straight-blade lame, American black walnut. Simple, safe, and designed for maximum control.","$18.95","https://bakinggreatbread.blog/holiday/wiremonkey-poco.webp"
"Arc Lame","Smallest curved lame in the world. American black walnut with base stand. Ideal for long bread slashes.","$25.95","https://bakinggreatbread.blog/holiday/wiremonkey-arc-lame.webp"
"Toast Tongs","Solid walnut toast tongs made in Ukraine. Safely retrieve toast slices with rare earth magnet for storing.","$14.95","https://bakinggreatbread.blog/holiday/toast-tongs.webp"
"Spherical Flour Duster","Professional flour duster for dusting bannetons and work surfaces with precision and control.","Price varies","https://bakinggreatbread.blog/holiday/spherical-flower-duster.webp"
"Reusable Banneton/Dish Covers","Elastic covers for bowls or bannetons. Made by Wild Clementine Co., washable, snug fit.","$19.99","https://bakinggreatbread.blog/holiday/wiremonkey-banneton-cover.webp"
"Vegan Bread Wrap","Vegan alternative to plastic wrap, reusable for up to one year. Made from organic cotton with plant-based waxes.","$14.99","https://bakinggreatbread.blog/holiday/vegan-bread-wrap.webp"
"Challenger Parchment Papers","Pre-cut parchment papers sized for Challenger Bread Pan. Makes cleanup easy.","$12.95","https://bakinggreatbread.blog/holiday/challenger-parchment.png"
"UFO Bread Lame","Decorative bread scoring lame with UFO-inspired design. Made from beautiful wood.","$29.95","https://bakinggreatbread.blog/holiday/ufo-lame.webp"
"ModKitchn Round Bread Sling","Round silicone bread sling perfect for sourdough and artisan loaves. SureHold handle design ensures safe dough transfer.","$15.99","https://bakinggreatbread.blog/holiday/modkitchen-bread-sling.webp"
"ModKitchn Oval Bread Sling","Silicone bread sling with SureHold grips for safe dough handling and counter-to-oven transfer.","$16.99","https://bakinggreatbread.blog/holiday/modkitchen-oval-sling.webp"
"ModKitchn Bread Bag","Reusable bread bags with waterproof zipper and moisture-controlling liner. Made from recycled water bottles.","$29.95","https://bakinggreatbread.blog/holiday/modkitchen-bread-bag.webp"
"ModKitchn Holiday Bread Bags","Limited-edition holiday-themed reusable bread bags with festive designs. Perfect for gifting homemade loaves.","$29.95","https://bakinggreatbread.blog/holiday/modkitchen-holiday-bags.webp"
"Sahara Folding Dehydrator","Professional-grade folding dehydrator for drying fruits, vegetables, herbs, and more. Compact storage design.","$295","https://bakinggreatbread.blog/holiday/sahara-dehydrator.png"
"17"" Walnut Bowl","Hand-turned 17-inch walnut mixing bowl from Holland Bowl Mill. Premium hardwood with beautiful grain.","$385","https://bakinggreatbread.blog/holiday/walnut-bowl-17.jpg"
"17"" Maple Bowl","Hand-turned 17-inch maple mixing bowl from Holland Bowl Mill. Light colored premium hardwood.","$325","https://bakinggreatbread.blog/holiday/maple-bowl-17.jpg"
"French Rolling Pin","Tapered French-style rolling pin from Holland Bowl Mill. Made from premium hardwood.","$55","https://bakinggreatbread.blog/holiday/french-rolling-pin.jpg"
"Cherry Bread Board & Bow Knife","Cherry wood bread board with serrated bow knife from Holland Bowl Mill. Perfect for slicing and serving.","$130","https://bakinggreatbread.blog/holiday/bread-board-bow-knife.jpg"
"Double-Wall French Press & Carafe","Brød & Taylor double-wall French press for coffee or tea. Keeps beverages hot longer.","$59","https://bakinggreatbread.blog/holiday/french-press.webp"
"Classic VG2 Knife Sharpener","Spring-action knife sharpener with Austrian VG2 steel. Keeps your bread knife razor sharp.","$79","https://bakinggreatbread.blog/holiday/bt-vg2-sharpener.jpg"
"Brød & Taylor Chef's Apron","Professional kitchen apron with adjustable fit. Durable and stylish for serious bakers.","$69","https://bakinggreatbread.blog/holiday/bt-chef-apron.png"
"Proofing Container 6qt","Clear 6-quart container with measurement markings for bulk fermentation. See your dough rise.","$24.95","https://bakinggreatbread.blog/holiday/proofing-container-6qt.webp"
"Sahara Poly Shelves","Additional shelves for Sahara Dehydrator. Expand your drying capacity.","$39.95","https://bakinggreatbread.blog/holiday/sahara-poly-shelves.webp"
"Non-Stick Silicone Mat","Brød & Taylor non-stick silicone mat for kneading and shaping dough. Heat resistant.","$19.95","https://bakinggreatbread.blog/holiday/nonstick-silicone-mat.webp"
"Folding Proofer Accessories","Accessories pack for Brød & Taylor Folding Proofer. Enhance your proofing setup.","$49.95","https://bakinggreatbread.blog/holiday/folding-proofer-accessories.webp"
"Baking Shell Batard Steel","Steel baking shell for batard loaves. Creates excellent heat transfer for crispy crust.","$89","https://bakinggreatbread.blog/holiday/baking-shell-batard-steel.webp"
"Bread Steel","Baking steel for bread. Superior heat retention for bakery-quality crusts at home.","$99","https://bakinggreatbread.blog/holiday/bread-steel.webp"
"UFO Nux Lame","Wire Monkey UFO Nux scoring lame with unique circular design. Premium walnut construction.","$34.95","https://bakinggreatbread.blog/holiday/wiremonkey-ufo-nux.webp"
"Sourdough Home Starter Jar Bundle","Brød & Taylor bundle with starter jar and accessories. Everything you need to maintain your starter.","$44.95","https://bakinggreatbread.blog/holiday/bt-sourdough-home-starter-jar-bundle.webp"
"Baking Shell Steel Bundle","Brød & Taylor baking shell and steel bundle for the ultimate baking surface.","$159","https://bakinggreatbread.blog/holiday/bt-baking-shell-steel-bundle.webp"
"Dough Whisk & Bench Knife Bundle","Brød & Taylor bundle with dough whisk and bench knife. Essential mixing and shaping tools.","$34.95","https://bakinggreatbread.blog/holiday/bt-dough-whisk-bench-knife-bundle.webp"
"Baker's Math Kitchen Scale","Brød & Taylor precision kitchen scale with baker's percentage function. Essential for accurate baking.","$49.95","https://bakinggreatbread.blog/holiday/bt-bakers-math-scale.webp"
"SAF Instant Yeast","Professional instant yeast for bread baking. Long shelf life and consistent results.","$7.95","https://bakinggreatbread.blog/holiday/saf-instant-yeast.png"
"Sourdough Starter Guide","Comprehensive guide to creating and maintaining your sourdough starter. Digital download.","Free","https://bakinggreatbread.blog/holiday/starter-guide.png"
"Recipe Collection","Collection of tested bread recipes from Henry's Bread Kitchen. Digital download.","Free","https://bakinggreatbread.blog/holiday/recipe-collection.png"
"Sourdough for the Rest of Us","Book: The beginner-friendly guide to sourdough. No fancy equipment required, just real techniques that work.","$6.08","https://bakinggreatbread.blog/holiday/sourdough-rest-of-us-sharp.jpg"
"Vitale Sourdough Mastery","Book: Level up your sourdough skills. Deeper techniques for timing, temperature control, and shaping.","$9.60","https://bakinggreatbread.blog/holiday/vitale-sourdough-mastery-sharp.jpg"
"From Oven to Market","Book: Turn your baking into income. Covers cottage food laws, pricing, production planning.","$7.62","https://bakinggreatbread.blog/holiday/from-oven-to-market-sharp.jpg"
"The Loaf and the Lie","Book: Part history, part exposé on how industrial bread replaced real bread in America.","$6.99","https://bakinggreatbread.blog/holiday/loaf-and-lie-sharp.jpg"
"Bread: A Journey Through History","Book: The big picture of bread - history, fermentation science, and global cultures.","$7.95","https://bakinggreatbread.blog/holiday/bread-journey.jpg"
